id,rss
1739,/alerts/feeds/08149589272187065929/10566481430270317637
1852,/alerts/feeds/08149589272187065929/10566481430270318274
1825,/alerts/feeds/08149589272187065929/13976854286007784975
1718,/alerts/feeds/08149589272187065929/10566481430270318742
1318,/alerts/feeds/08149589272187065929/5014749299079805694
1836,/alerts/feeds/08149589272187065929/13976854286007787000
1754,/alerts/feeds/08149589272187065929/10566481430270318716
1553,/alerts/feeds/08149589272187065929/13976854286007786417
1477,/alerts/feeds/08149589272187065929/5014749299079803122
1517,/alerts/feeds/08149589272187065929/10566481430270318872
1315,/alerts/feeds/08149589272187065929/13976854286007786954
1688,/alerts/feeds/08149589272187065929/13976854286007785604
1776,/alerts/feeds/08149589272187065929/10566481430270318768
1609,/alerts/feeds/08149589272187065929/10566481430270318807
1496,/alerts/feeds/08149589272187065929/13976854286007784162
1404,/alerts/feeds/08149589272187065929/10566481430270318924
1728,/alerts/feeds/08149589272187065929/10566481430270318547
1865,/alerts/feeds/08149589272187065929/10566481430270318833
1818,/alerts/feeds/08149589272187065929/13976854286007787046
1801,/alerts/feeds/08149589272187065929/13976854286007785788
1651,/alerts/feeds/08149589272187065929/13976854286007786141
1811,/alerts/feeds/08149589272187065929/5014749299079803003
1828,/alerts/feeds/08149589272187065929/10566481430270319080
1498,/alerts/feeds/08149589272187065929/5014749299079805424
1868,/alerts/feeds/08149589272187065929/10566481430270319002
1340,/alerts/feeds/08149589272187065929/13976854286007784024
1516,/alerts/feeds/08149589272187065929/5014749299079805273
1573,/alerts/feeds/08149589272187065929/5014749299079806948
1710,/alerts/feeds/08149589272187065929/10566481430270319119
1853,/alerts/feeds/08149589272187065929/13976854286007785911
1585,/alerts/feeds/08149589272187065929/5014749299079805154
1847,/alerts/feeds/08149589272187065929/13976854286007787261
1465,/alerts/feeds/08149589272187065929/5014749299079802971
1545,/alerts/feeds/08149589272187065929/13976854286007785819
1826,/alerts/feeds/08149589272187065929/10566481430270319353
1737,/alerts/feeds/08149589272187065929/10566481430270319327
1287,/alerts/feeds/08149589272187065929/5014749299079805392
1726,/alerts/feeds/08149589272187065929/13976854286007785773
1781,/alerts/feeds/08149589272187065929/13976854286007786724
1423,/alerts/feeds/08149589272187065929/13976854286007783886
1830,/alerts/feeds/08149589272187065929/10566481430270319275
1880,/alerts/feeds/08149589272187065929/5014749299079803209
1292,/alerts/feeds/08149589272187065929/5014749299079806678
1373,/alerts/feeds/08149589272187065929/5014749299079805511
1772,/alerts/feeds/08149589272187065929/13976854286007783978
1584,/alerts/feeds/08149589272187065929/13976854286007784377
1528,/alerts/feeds/08149589272187065929/10566481430270319470
1304,/alerts/feeds/08149589272187065929/13976854286007784331
1707,/alerts/feeds/08149589272187065929/5014749299079803447
1817,/alerts/feeds/08149589272187065929/5014749299079803717
1859,/alerts/feeds/08149589272187065929/13976854286007787123
1857,/alerts/feeds/08149589272187065929/5014749299079805900
1587,/alerts/feeds/08149589272187065929/13976854286007785727
1552,/alerts/feeds/08149589272187065929/5014749299079805630
1456,/alerts/feeds/08149589272187065929/13976854286007785635
1577,/alerts/feeds/08149589272187065929/5014749299079803836
1741,/alerts/feeds/08149589272187065929/13976854286007784285
1349,/alerts/feeds/08149589272187065929/5014749299079806884
1433,/alerts/feeds/08149589272187065929/13976854286007784423
1782,/alerts/feeds/08149589272187065929/13976854286007787169
1875,/alerts/feeds/08149589272187065929/5014749299079804582
1520,/alerts/feeds/08149589272187065929/5014749299079806614
1561,/alerts/feeds/08149589272187065929/5014749299079804820
2273,/alerts/feeds/08149589272187065929/13976854286007783441
1780,/alerts/feeds/08149589272187065929/5014749299079804193
1468,/alerts/feeds/08149589272187065929/5014749299079805836
1733,/alerts/feeds/08149589272187065929/5014749299079805598
1291,/alerts/feeds/08149589272187065929/5014749299079803177
1417,/alerts/feeds/08149589272187065929/5014749299079804852
1835,/alerts/feeds/08149589272187065929/10566481430270319535
1436,/alerts/feeds/08149589272187065929/10566481430270319444
1519,/alerts/feeds/08149589272187065929/13976854286007784914
1285,/alerts/feeds/08149589272187065929/13976854286007784730
1471,/alerts/feeds/08149589272187065929/10566481430270319574
1525,/alerts/feeds/08149589272187065929/5014749299079806852
1312,/alerts/feeds/08149589272187065929/5014749299079806463
1846,/alerts/feeds/08149589272187065929/13976854286007786034
1472,/alerts/feeds/08149589272187065929/10566481430270319730
1694,/alerts/feeds/08149589272187065929/13976854286007787384
1388,/alerts/feeds/08149589272187065929/13976854286007786264
1538,/alerts/feeds/08149589272187065929/10566481430270319613
1752,/alerts/feeds/08149589272187065929/5014749299079805447
1742,/alerts/feeds/08149589272187065929/5014749299079806550
1816,/alerts/feeds/08149589272187065929/13976854286007787338
1324,/alerts/feeds/08149589272187065929/10566481430270319912
1743,/alerts/feeds/08149589272187065929/5014749299079804669
1634,/alerts/feeds/08149589272187065929/13976854286007785896
1699,/alerts/feeds/08149589272187065929/5014749299079803383
1449,/alerts/feeds/08149589272187065929/5014749299079803589
1495,/alerts/feeds/08149589272187065929/10566481430270319977
1491,/alerts/feeds/08149589272187065929/13976854286007785942
1834,/alerts/feeds/08149589272187065929/5014749299079806129
1354,/alerts/feeds/08149589272187065929/5014749299079806074
1356,/alerts/feeds/08149589272187065929/10566481430270320107
1382,/alerts/feeds/08149589272187065929/5014749299079806399
1845,/alerts/feeds/08149589272187065929/10566481430270320081
1272,/alerts/feeds/08149589272187065929/5014749299079803438
1760,/alerts/feeds/08149589272187065929/5014749299079804724
1582,/alerts/feeds/08149589272187065929/5014749299079804454
1771,/alerts/feeds/08149589272187065929/10566481430270320172
1401,/alerts/feeds/08149589272187065929/10566481430270320042
1751,/alerts/feeds/08149589272187065929/5014749299079806248
1708,/alerts/feeds/08149589272187065929/5014749299079802994
1709,/alerts/feeds/08149589272187065929/5014749299079804573
1715,/alerts/feeds/08149589272187065929/5014749299079804756
1809,/alerts/feeds/08149589272187065929/5014749299079805740
1820,/alerts/feeds/08149589272187065929/5014749299079805891
1283,/alerts/feeds/08149589272187065929/5014749299079806756
1575,/alerts/feeds/08149589272187065929/5014749299079804962
1268,/alerts/feeds/08149589272187065929/5014749299079806367
2215,/alerts/feeds/08149589272187065929/13976854286007787200
1872,/alerts/feeds/08149589272187065929/13976854286007785850
1806,/alerts/feeds/08149589272187065929/13976854286007784454
1434,/alerts/feeds/08149589272187065929/10566481430270320497
1721,/alerts/feeds/08149589272187065929/13976854286007785620
1655,/alerts/feeds/08149589272187065929/13976854286007784807
1636,/alerts/feeds/08149589272187065929/13976854286007786970
1602,/alerts/feeds/08149589272187065929/10566481430270320302
1413,/alerts/feeds/08149589272187065929/13976854286007785804
1681,/alerts/feeds/08149589272187065929/13976854286007784178
2219,/alerts/feeds/08149589272187065929/13976854286007784316
1795,/alerts/feeds/08149589272187065929/5014749299079805795
1415,/alerts/feeds/08149589272187065929/10566481430270316700
1543,/alerts/feeds/08149589272187065929/5014749299079804509
1442,/alerts/feeds/08149589272187065929/10566481430270316817
2247,/alerts/feeds/08149589272187065929/5014749299079806033
1497,/alerts/feeds/08149589272187065929/5014749299079805168
1793,/alerts/feeds/08149589272187065929/10566481430270316765
2191,/alerts/feeds/08149589272187065929/5014749299079803850
1627,/alerts/feeds/08149589272187065929/5014749299079805525
1720,/alerts/feeds/08149589272187065929/10566481430270316726
2245,/alerts/feeds/08149589272187065929/5014749299079806303
1260,/alerts/feeds/08149589272187065929/10566481430270320471
1425,/alerts/feeds/08149589272187065929/10566481430270316843
1792,/alerts/feeds/08149589272187065929/5014749299079803223
1758,/alerts/feeds/08149589272187065929/5014749299079805017
2202,/alerts/feeds/08149589272187065929/13976854286007784347
2260,/alerts/feeds/08149589272187065929/10566481430270317012
2253,/alerts/feeds/08149589272187065929/5014749299079806660
2194,/alerts/feeds/08149589272187065929/13976854286007785743
2208,/alerts/feeds/08149589272187065929/5014749299079806747
2244,/alerts/feeds/08149589272187065929/5014749299079804445
2209,/alerts/feeds/08149589272187065929/10566481430270316973
2189,/alerts/feeds/08149589272187065929/10566481430270317350
2176,/alerts/feeds/08149589272187065929/5014749299079806239
2294,/alerts/feeds/08149589272187065929/10566481430270317298
2211,/alerts/feeds/08149589272187065929/13976854286007784976
2193,/alerts/feeds/08149589272187065929/5014749299079803159
2214,/alerts/feeds/08149589272187065929/10566481430270317324
2213,/alerts/feeds/08149589272187065929/13976854286007787047
2222,/alerts/feeds/08149589272187065929/5014749299079804953
2243,/alerts/feeds/08149589272187065929/13976854286007787369
2270,/alerts/feeds/08149589272187065929/13976854286007786955
2239,/alerts/feeds/08149589272187065929/10566481430270317454
2206,/alerts/feeds/08149589272187065929/5014749299079805969
2276,/alerts/feeds/08149589272187065929/13976854286007783580
2192,/alerts/feeds/08149589272187065929/5014749299079802921
2278,/alerts/feeds/08149589272187065929/10566481430270317506
2187,/alerts/feeds/08149589272187065929/13976854286007786510
2282,/alerts/feeds/08149589272187065929/5014749299079805461
2220,/alerts/feeds/08149589272187065929/13976854286007784209
2197,/alerts/feeds/08149589272187065929/10566481430270317428
2231,/alerts/feeds/08149589272187065929/5014749299079803667
2229,/alerts/feeds/08149589272187065929/10566481430270317480
2261,/alerts/feeds/08149589272187065929/13976854286007785605
2251,/alerts/feeds/08149589272187065929/13976854286007787093
2290,/alerts/feeds/08149589272187065929/13976854286007785160
2280,/alerts/feeds/08149589272187065929/10566481430270319301
1821,/alerts/feeds/08149589272187065929/5014749299079804184
2272,/alerts/feeds/08149589272187065929/13976854286007785375
2226,/alerts/feeds/08149589272187065929/13976854286007787400
2267,/alerts/feeds/08149589272187065929/5014749299079806953
2241,/alerts/feeds/08149589272187065929/5014749299079805937
2205,/alerts/feeds/08149589272187065929/5014749299079806326
2203,/alerts/feeds/08149589272187065929/5014749299079804651
2228,/alerts/feeds/08149589272187065929/5014749299079804262
2293,/alerts/feeds/08149589272187065929/5014749299079804770
2284,/alerts/feeds/08149589272187065929/13976854286007786587
2172,/alerts/feeds/08149589272187065929/10566481430270317818
2265,/alerts/feeds/08149589272187065929/5014749299079803095
2230,/alerts/feeds/08149589272187065929/10566481430270317740
2210,/alerts/feeds/08149589272187065929/13976854286007786679
2216,/alerts/feeds/08149589272187065929/13976854286007783841
2269,/alerts/feeds/08149589272187065929/10566481430270317844
2262,/alerts/feeds/08149589272187065929/13976854286007785237
1724,/alerts/feeds/08149589272187065929/13976854286007784378
1757,/alerts/feeds/08149589272187065929/10566481430270318052
1380,/alerts/feeds/08149589272187065929/13976854286007787124
2288,/alerts/feeds/08149589272187065929/10566481430270318143
2250,/alerts/feeds/08149589272187065929/10566481430270318104
2291,/alerts/feeds/08149589272187065929/10566481430270318364
2225,/alerts/feeds/08149589272187065929/13976854286007786940
2223,/alerts/feeds/08149589272187065929/13976854286007787415
2281,/alerts/feeds/08149589272187065929/13976854286007785406
2218,/alerts/feeds/08149589272187065929/5014749299079803063
2254,/alerts/feeds/08149589272187065929/10566481430270318533
2227,/alerts/feeds/08149589272187065929/5014749299079805365
2188,/alerts/feeds/08149589272187065929/13976854286007786802
2232,/alerts/feeds/08149589272187065929/13976854286007785452
2238,/alerts/feeds/08149589272187065929/5014749299079804857
2289,/alerts/feeds/08149589272187065929/5014749299079803571
2257,/alerts/feeds/08149589272187065929/13976854286007784056
2224,/alerts/feeds/08149589272187065929/5014749299079806445
2240,/alerts/feeds/08149589272187065929/13976854286007784669
2217,/alerts/feeds/08149589272187065929/13976854286007786111
2221,/alerts/feeds/08149589272187065929/5014749299079806811
2296,/alerts/feeds/08149589272187065929/10566481430270316869
2212,/alerts/feeds/08149589272187065929/13976854286007787461
1832,/alerts/feeds/08149589272187065929/5014749299079803493
1564,/alerts/feeds/08149589272187065929/5014749299079803374
1827,/alerts/feeds/08149589272187065929/13976854286007786924
1381,/alerts/feeds/08149589272187065929/13976854286007784899
1844,/alerts/feeds/08149589272187065929/10566481430270316791
1690,/alerts/feeds/08149589272187065929/10566481430270320588
1377,/alerts/feeds/08149589272187065929/10566481430270316596
1617,/alerts/feeds/08149589272187065929/5014749299079805603
1716,/alerts/feeds/08149589272187065929/5014749299079803301
1255,/alerts/feeds/08149589272187065929/10566481430270318832
1798,/alerts/feeds/08149589272187065929/13976854286007785268
1426,/alerts/feeds/08149589272187065929/13976854286007787247
1740,/alerts/feeds/08149589272187065929/10566481430270318858
1877,/alerts/feeds/08149589272187065929/13976854286007783872
1767,/alerts/feeds/08149589272187065929/13976854286007787201
1371,/alerts/feeds/08149589272187065929/10566481430270318793
1557,/alerts/feeds/08149589272187065929/13976854286007786480
1544,/alerts/feeds/08149589272187065929/13976854286007784501
1613,/alerts/feeds/08149589272187065929/10566481430270320276
1466,/alerts/feeds/08149589272187065929/5014749299079806486
2292,/alerts/feeds/08149589272187065929/5014749299079806111
2279,/alerts/feeds/08149589272187065929/13976854286007783642
2271,/alerts/feeds/08149589272187065929/13976854286007784992
2199,/alerts/feeds/08149589272187065929/13976854286007786434
1744,/alerts/feeds/08149589272187065929/10566481430270319391
1659,/alerts/feeds/08149589272187065929/13976854286007786020
2246,/alerts/feeds/08149589272187065929/5014749299079804912
1578,/alerts/feeds/08149589272187065929/13976854286007785974
2248,/alerts/feeds/08149589272187065929/10566481430270319664
1645,/alerts/feeds/08149589272187065929/13976854286007785928
2195,/alerts/feeds/08149589272187065929/10566481430270319586
1843,/alerts/feeds/08149589272187065929/10566481430270319560
2277,/alerts/feeds/08149589272187065929/10566481430270319625
2255,/alerts/feeds/08149589272187065929/5014749299079804102
2234,/alerts/feeds/08149589272187065929/10566481430270319950
2201,/alerts/feeds/08149589272187065929/13976854286007784164
2252,/alerts/feeds/08149589272187065929/5014749299079805507
2196,/alerts/feeds/08149589272187065929/13976854286007784885
2177,/alerts/feeds/08149589272187065929/13976854286007786910
2268,/alerts/feeds/08149589272187065929/13976854286007786956
2207,/alerts/feeds/08149589272187065929/13976854286007786189
1611,/alerts/feeds/08149589272187065929/13976854286007785376
1510,/alerts/feeds/08149589272187065929/13976854286007786588
1854,/alerts/feeds/08149589272187065929/13976854286007784609
1755,/alerts/feeds/08149589272187065929/10566481430270320236
1794,/alerts/feeds/08149589272187065929/10566481430270320366
1840,/alerts/feeds/08149589272187065929/13976854286007783888
1738,/alerts/feeds/08149589272187065929/10566481430270320340
1593,/alerts/feeds/08149589272187065929/13976854286007786634
1581,/alerts/feeds/08149589272187065929/13976854286007784471
1746,/alerts/feeds/08149589272187065929/5014749299079803292
1511,/alerts/feeds/08149589272187065929/10566481430270320314
1785,/alerts/feeds/08149589272187065929/10566481430270320262
1778,/alerts/feeds/08149589272187065929/13976854286007787355
1837,/alerts/feeds/08149589272187065929/5014749299079803562
1858,/alerts/feeds/08149589272187065929/5014749299079805086
1702,/alerts/feeds/08149589272187065929/13976854286007784517
1414,/alerts/feeds/08149589272187065929/5014749299079804697
1603,/alerts/feeds/08149589272187065929/5014749299079802903
1430,/alerts/feeds/08149589272187065929/5014749299079803681
1732,/alerts/feeds/08149589272187065929/5014749299079803173
1259,/alerts/feeds/08149589272187065929/13976854286007785100
1378,/alerts/feeds/08149589272187065929/5014749299079804308
1297,/alerts/feeds/08149589272187065929/10566481430270320600
1761,/alerts/feeds/08149589272187065929/13976854286007786987
1804,/alerts/feeds/08149589272187065929/5014749299079805324
1855,/alerts/feeds/08149589272187065929/13976854286007783704
1606,/alerts/feeds/08149589272187065929/10566481430270316621
2236,/alerts/feeds/08149589272187065929/5014749299079806189
2185,/alerts/feeds/08149589272187065929/13976854286007786220
1656,/alerts/feeds/08149589272187065929/13976854286007785591
1800,/alerts/feeds/08149589272187065929/13976854286007784824
1644,/alerts/feeds/08149589272187065929/10566481430270316725
1704,/alerts/feeds/08149589272187065929/5014749299079805562
1664,/alerts/feeds/08149589272187065929/5014749299079806967
2287,/alerts/feeds/08149589272187065929/13976854286007783474
1686,/alerts/feeds/08149589272187065929/5014749299079805173
1533,/alerts/feeds/08149589272187065929/10566481430270316699
1729,/alerts/feeds/08149589272187065929/10566481430270320483
1406,/alerts/feeds/08149589272187065929/13976854286007784103
1284,/alerts/feeds/08149589272187065929/5014749299079803887
2264,/alerts/feeds/08149589272187065929/5014749299079805681
1389,/alerts/feeds/08149589272187065929/13976854286007786174
1454,/alerts/feeds/08149589272187065929/10566481430270316751
1529,/alerts/feeds/08149589272187065929/13976854286007784241
2237,/alerts/feeds/08149589272187065929/10566481430270316777
2274,/alerts/feeds/08149589272187065929/10566481430270319274
2259,/alerts/feeds/08149589272187065929/13976854286007784763
1368,/alerts/feeds/08149589272187065929/5014749299079804148
2233,/alerts/feeds/08149589272187065929/5014749299079803100
2204,/alerts/feeds/08149589272187065929/5014749299079804894
2190,/alerts/feeds/08149589272187065929/13976854286007784487
2173,/alerts/feeds/08149589272187065929/5014749299079806180
2174,/alerts/feeds/08149589272187065929/13976854286007785837
2175,/alerts/feeds/08149589272187065929/13976854286007787233
2198,/alerts/feeds/08149589272187065929/13976854286007783766
2258,/alerts/feeds/08149589272187065929/13976854286007785561
1725,/alerts/feeds/08149589272187065929/5014749299079806061
1851,/alerts/feeds/08149589272187065929/5014749299079804656
1591,/alerts/feeds/08149589272187065929/5014749299079806450
1540,/alerts/feeds/08149589272187065929/5014749299079803650
2263,/alerts/feeds/08149589272187065929/5014749299079805952
1839,/alerts/feeds/08149589272187065929/5014749299079804277
1867,/alerts/feeds/08149589272187065929/5014749299079803054
2186,/alerts/feeds/08149589272187065929/5014749299079806651
